{"cameraMode":{"drawMode":0,"name":"Shaded","section":"Shading Mode"},"sceneLighting":true,"audioPlay":false,"sceneViewState":{"m_AlwaysRefresh":false,"showFog":true,"showSkybox":true,"showFlares":true,"showImageEffects":true,"showParticleSystems":true,"showVisualEffectGraphs":true,"m_FxEnabled":true},"in2DMode":false,"pivot":{"x":1.4112844467163087,"y":21.58045768737793,"z":-4.617841720581055},"rotation":{"x":0.042742032557725909,"y":-0.3114989101886749,"z":0.014026935212314129,"w":0.9491817355155945},"size":9.131569862365723,"orthographic":false}