{"cameraMode":{"drawMode":0,"name":"Shaded","section":"Shading Mode"},"sceneLighting":false,"audioPlay":false,"sceneViewState":{"m_AlwaysRefresh":false,"showFog":false,"showSkybox":false,"showFlares":false,"showImageEffects":false,"showParticleSystems":false,"showVisualEffectGraphs":true,"m_FxEnabled":true},"in2DMode":false,"pivot":{"x":-0.01061403751373291,"y":0.7807579040527344,"z":0.029958873987197877},"rotation":{"x":-0.0053187087178230289,"y":0.8325285911560059,"z":0.007991461083292961,"w":0.5539166927337647},"size":1.1990251541137696,"orthographic":false}